application_id,candidate_id,job_id,source,recruiter_id,application_date,current_status
1,1031,8,LinkedIn,11,2024-05-19,Rejected
2,210,25,Company Website,11,2024-10-10,Rejected
3,351,8,Naukri,10,2024-09-28,Hired
4,191,14,Naukri,6,2024-09-19,Rejected
5,829,21,Naukri,1,2024-04-17,Rejected
6,86,17,LinkedIn,12,2024-08-13,Hired
7,942,11,Referral,2,2024-05-01,Rejected
8,873,23,LinkedIn,10,2024-04-09,Rejected
9,235,22,Referral,3,2024-07-02,Rejected
10,700,9,LinkedIn,5,2024-07-12,Rejected
11,491,16,Referral,9,2024-03-14,Rejected
12,732,1,Company Website,1,2024-12-16,Hired
13,205,1,Referral,9,2024-09-19,Rejected
14,232,24,LinkedIn,11,2024-07-05,Rejected
15,522,10,Referral,4,2024-05-27,Hired
16,44,12,Company Website,2,2024-08-29,Offer Declined
17,1000,19,LinkedIn,2,2024-03-13,Rejected
18,380,5,Naukri,9,2024-07-25,Hired
19,780,6,Naukri,10,2024-05-30,Rejected
20,551,10,Company Website,1,2024-05-31,Rejected
21,702,19,Naukri,8,2024-03-15,Rejected
22,992,16,LinkedIn,1,2024-09-24,Rejected
23,374,16,Company Website,8,2024-02-19,Rejected
24,919,24,Company Website,4,2024-04-10,Hired
25,156,2,Referral,6,2024-10-27,Rejected
26,444,5,Referral,3,2024-12-10,Hired
27,433,24,Naukri,6,2024-02-11,Hired
28,679,2,Company Website,7,2024-10-02,Hired
29,644,21,LinkedIn,6,2024-09-16,Hired
30,991,19,Referral,4,2024-12-24,Hired
31,510,9,Company Website,10,2024-01-17,Rejected
32,299,20,Naukri,5,2024-03-27,Rejected
33,560,24,LinkedIn,9,2024-08-03,Rejected
34,731,22,Naukri,12,2024-08-02,Rejected
35,196,16,Naukri,7,2024-01-29,Hired
36,203,24,Referral,5,2024-11-07,Rejected
37,290,10,LinkedIn,5,2024-05-24,Rejected
38,743,6,Naukri,6,2024-06-25,Rejected
39,832,18,Referral,1,2024-10-29,Rejected
40,662,13,Company Website,9,2024-06-27,Rejected
41,499,17,Naukri,6,2024-08-11,Rejected
42,278,17,Naukri,1,2024-04-22,Rejected
43,830,25,Company Website,7,2024-09-09,Rejected
44,620,11,Naukri,10,2024-10-30,Rejected
45,295,21,Referral,12,2024-04-21,Rejected
46,517,4,Referral,2,2024-09-02,Rejected
47,164,13,Naukri,5,2024-04-13,Hired
48,724,2,Company Website,6,2024-11-29,Rejected
49,139,12,Company Website,6,2024-08-20,Rejected
50,565,14,Referral,9,2024-04-18,Rejected
51,338,23,Referral,4,2024-02-11,Hired
52,448,8,LinkedIn,7,2024-03-22,Rejected
53,411,25,Referral,9,2024-09-06,Rejected
54,403,12,Naukri,12,2024-03-04,Offer Declined
55,265,15,LinkedIn,2,2024-02-09,Rejected
56,699,23,Naukri,1,2024-03-08,Hired
57,555,23,LinkedIn,11,2024-05-06,Rejected
58,57,8,Naukri,6,2024-08-24,Hired
59,56,19,Company Website,7,2024-08-17,Rejected
60,358,19,LinkedIn,7,2024-08-22,Rejected
61,179,21,Referral,8,2024-04-11,Rejected
62,527,3,Company Website,1,2024-08-28,Rejected
63,649,17,Referral,1,2024-02-18,Rejected
64,675,16,Naukri,2,2024-08-11,Offer Declined
65,320,2,Naukri,3,2024-02-15,Rejected
66,185,16,Referral,6,2024-10-09,Hired
67,705,11,Naukri,11,2024-08-16,Hired
68,678,20,Naukri,12,2024-12-23,Rejected
69,979,17,LinkedIn,11,2024-06-16,Rejected
70,929,21,Referral,6,2024-08-24,Rejected
71,1085,2,Referral,3,2024-10-30,Offer Declined
72,19,24,Company Website,2,2024-05-28,Rejected
73,309,3,Naukri,7,2024-08-09,Rejected
74,58,6,Naukri,2,2024-02-18,Rejected
75,1028,5,Naukri,9,2024-04-14,Rejected
76,531,7,Referral,12,2024-07-03,Rejected
77,364,12,Naukri,9,2024-03-30,Hired
78,719,20,Naukri,8,2024-03-18,Hired
79,437,25,Referral,7,2024-10-02,Rejected
80,435,9,Referral,1,2024-08-29,Rejected
81,32,3,LinkedIn,11,2024-04-01,Rejected
82,719,2,LinkedIn,4,2024-08-29,Hired
83,771,10,Company Website,7,2024-11-07,Rejected
84,63,8,Referral,1,2024-07-04,Rejected
85,889,7,Naukri,4,2024-08-13,Rejected
86,417,16,Referral,7,2024-07-11,Hired
87,612,8,Company Website,4,2024-08-01,Rejected
88,321,13,Company Website,5,2024-10-24,Offer Declined
89,615,16,Referral,2,2024-03-21,Rejected
90,9,2,Company Website,4,2024-07-24,Rejected
91,655,15,Company Website,4,2024-04-02,Hired
92,107,21,Naukri,12,2025-01-09,Rejected
93,95,22,Company Website,3,2024-09-21,Rejected
94,287,20,Referral,11,2024-10-12,Hired
95,229,14,Naukri,1,2024-02-01,Rejected
96,620,20,Naukri,9,2024-05-11,Rejected
97,200,14,Naukri,8,2024-07-18,Hired
98,185,15,Company Website,6,2024-08-01,Rejected
99,688,16,LinkedIn,10,2024-08-02,Rejected
100,413,10,LinkedIn,1,2024-05-23,Rejected
101,1034,25,Naukri,10,2024-03-30,Rejected
102,215,16,LinkedIn,1,2024-08-19,Hired
103,133,17,LinkedIn,2,2024-07-16,Hired
104,279,14,Company Website,1,2024-09-25,Hired
105,459,19,Naukri,11,2024-06-02,Rejected
106,1026,25,LinkedIn,9,2024-10-26,Rejected
107,1017,13,LinkedIn,6,2024-07-06,Rejected
108,459,18,LinkedIn,5,2024-05-11,Rejected
109,32,16,Referral,5,2024-04-11,Rejected
110,89,2,Naukri,9,2024-03-12,Hired
111,836,5,Referral,5,2024-04-08,Rejected
112,668,17,LinkedIn,11,2024-02-10,Rejected
113,578,19,Referral,12,2024-10-21,Rejected
114,551,9,Company Website,7,2024-08-04,Rejected
115,859,10,Company Website,3,2024-07-04,Hired
116,790,11,Company Website,3,2024-07-29,Hired
117,490,22,Referral,12,2024-03-23,Rejected
118,494,3,Naukri,11,2024-08-17,Hired
119,178,16,LinkedIn,12,2024-03-11,Rejected
120,832,9,Referral,11,2024-02-01,Rejected
121,647,15,Company Website,10,2024-08-24,Rejected
122,970,2,Company Website,9,2024-02-06,Hired
123,779,19,Naukri,11,2024-08-25,Offer Declined
124,728,15,LinkedIn,7,2024-07-22,Rejected
125,546,20,Referral,2,2024-11-28,Rejected
126,458,3,Referral,5,2024-11-10,Rejected
127,713,8,Company Website,10,2024-11-09,Offer Declined
128,291,2,LinkedIn,9,2024-05-29,Rejected
129,1074,9,Naukri,9,2024-07-11,Rejected
130,750,6,Naukri,11,2024-03-29,Hired
131,313,15,Company Website,3,2024-04-08,Rejected
132,660,15,Company Website,6,2024-02-02,Rejected
133,252,18,Company Website,3,2024-08-28,Rejected
134,769,4,LinkedIn,6,2024-08-04,Hired
135,1071,19,Referral,8,2024-09-01,Rejected
136,564,4,Company Website,5,2024-05-13,Rejected
137,229,24,Company Website,11,2024-09-04,Hired
138,358,8,Naukri,1,2024-11-11,Rejected
139,752,21,Company Website,9,2024-05-24,Rejected
140,760,3,Referral,7,2024-06-06,Rejected
141,37,8,Naukri,1,2024-07-19,Rejected
142,532,11,LinkedIn,10,2024-10-31,Rejected
143,628,17,Referral,6,2024-05-06,Hired
144,496,19,Referral,8,2024-07-11,Offer Declined
145,1076,12,Company Website,2,2024-02-29,Offer Declined
146,263,22,Company Website,5,2024-07-02,Hired
147,90,11,Company Website,7,2024-07-21,Hired
148,86,4,Referral,7,2024-10-02,Hired
149,526,7,Referral,4,2024-11-07,Rejected
150,266,8,Naukri,12,2024-09-25,Hired
151,763,19,LinkedIn,11,2024-12-25,Rejected
152,675,14,LinkedIn,2,2024-05-03,Hired
153,778,6,Company Website,9,2024-08-18,Offer Declined
154,1018,2,LinkedIn,2,2024-09-05,Offer Declined
155,948,14,Company Website,12,2024-11-03,Rejected
156,850,21,Company Website,3,2024-10-28,Hired
157,901,25,Company Website,8,2024-02-23,Rejected
158,1049,18,LinkedIn,11,2024-03-31,Rejected
159,411,11,Company Website,9,2024-05-10,Rejected
160,603,15,Referral,7,2024-01-31,Rejected
161,242,22,LinkedIn,4,2024-11-11,Hired
162,32,3,LinkedIn,8,2024-03-16,Rejected
163,442,7,Company Website,1,2024-05-16,Hired
164,688,4,Company Website,1,2024-07-09,Offer Declined
165,856,21,Naukri,7,2024-12-25,Rejected
166,299,17,Referral,6,2024-03-01,Rejected
167,1062,23,LinkedIn,3,2024-05-07,Hired
168,563,14,Referral,2,2024-10-21,Rejected
169,786,15,Referral,11,2024-06-19,Rejected
170,809,12,Company Website,11,2024-06-14,Rejected
171,629,3,Referral,4,2024-03-03,Hired
172,894,25,Referral,5,2024-08-02,Rejected
173,270,3,LinkedIn,4,2024-05-19,Offer Declined
174,766,4,Company Website,11,2024-12-28,Hired
175,290,23,Referral,6,2024-10-07,Offer Declined
176,935,25,LinkedIn,12,2024-05-02,Rejected
177,18,5,LinkedIn,7,2024-08-22,Rejected
178,663,21,LinkedIn,5,2025-01-02,Offer Declined
179,900,1,Referral,4,2024-07-13,Rejected
180,932,21,Company Website,12,2024-07-04,Rejected
181,418,12,Naukri,1,2024-08-28,Offer Declined
182,889,24,LinkedIn,1,2024-04-21,Rejected
183,148,12,Company Website,3,2024-03-24,Hired
184,337,5,Company Website,4,2024-03-22,Offer Declined
185,433,23,Naukri,3,2024-06-29,Rejected
186,1058,21,LinkedIn,8,2024-07-02,Rejected
187,413,21,LinkedIn,1,2024-05-06,Rejected
188,459,16,Referral,12,2024-08-11,Offer Declined
189,870,14,Naukri,1,2024-09-02,Rejected
190,86,25,Naukri,8,2024-03-29,Hired
191,477,17,Referral,12,2024-07-04,Hired
192,316,23,Referral,5,2024-11-13,Rejected
193,440,22,Naukri,11,2024-09-03,Hired
194,802,2,LinkedIn,6,2024-06-03,Rejected
195,320,4,Referral,4,2024-10-09,Rejected
196,192,8,Naukri,8,2024-12-16,Hired
197,377,2,Company Website,6,2024-04-22,Rejected
198,235,21,LinkedIn,6,2024-10-10,Hired
199,432,8,LinkedIn,5,2024-05-13,Rejected
200,713,4,LinkedIn,8,2024-12-04,Rejected
201,411,7,Company Website,5,2024-05-18,Rejected
202,182,21,Naukri,3,2024-08-21,Rejected
203,556,10,Naukri,10,2024-09-20,Rejected
204,67,4,LinkedIn,1,2024-08-29,Hired
205,399,23,Naukri,11,2024-07-25,Hired
206,103,10,Naukri,6,2024-06-25,Rejected
207,921,22,Company Website,4,2024-09-16,Offer Declined
208,746,20,Naukri,2,2024-08-19,Rejected
209,143,1,Company Website,2,2024-08-22,Rejected
210,232,1,Naukri,10,2024-12-30,Rejected
211,945,3,LinkedIn,1,2024-08-25,Offer Declined
212,1052,5,LinkedIn,7,2024-04-04,Rejected
213,851,1,Referral,2,2024-05-29,Rejected
214,336,22,Referral,3,2024-09-28,Hired
215,680,24,LinkedIn,11,2024-03-06,Hired
216,622,20,Naukri,5,2024-11-04,Rejected
217,219,20,Naukri,2,2024-04-21,Rejected
218,1017,7,Referral,9,2024-06-18,Hired
219,241,10,Referral,8,2024-10-27,Offer Declined
220,336,7,LinkedIn,9,2024-08-04,Hired
221,752,15,Naukri,5,2024-05-21,Rejected
222,417,11,Naukri,4,2024-08-06,Rejected
223,1028,13,Naukri,2,2024-10-06,Offer Declined
224,217,2,LinkedIn,8,2024-02-13,Rejected
225,432,16,Naukri,2,2024-10-30,Rejected
226,315,24,Referral,1,2024-04-16,Rejected
227,806,16,LinkedIn,5,2024-08-16,Hired
228,248,19,LinkedIn,11,2024-12-19,Rejected
229,446,11,Naukri,4,2024-11-04,Rejected
230,128,10,Naukri,2,2024-10-12,Rejected
231,201,8,LinkedIn,4,2024-08-31,Rejected
232,622,4,Referral,2,2024-06-26,Rejected
233,375,10,LinkedIn,6,2024-09-16,Rejected
234,834,5,LinkedIn,2,2024-10-11,Rejected
235,304,23,Naukri,3,2024-06-04,Hired
236,288,2,Naukri,4,2024-07-31,Rejected
237,679,17,LinkedIn,1,2024-05-27,Rejected
238,78,25,Company Website,9,2024-09-22,Hired
239,142,12,LinkedIn,4,2024-06-30,Hired
240,749,21,Company Website,2,2024-04-13,Rejected
241,333,25,Company Website,11,2024-07-17,Rejected
242,277,12,Referral,12,2024-09-24,Rejected
243,109,15,Company Website,11,2024-06-14,Rejected
244,892,17,Company Website,11,2024-04-29,Offer Declined
245,613,5,LinkedIn,2,2024-12-02,Hired
246,476,1,Naukri,4,2024-07-30,Rejected
247,485,10,Company Website,10,2024-09-14,Hired
248,803,23,Company Website,11,2024-02-25,Hired
249,777,18,Company Website,2,2024-07-15,Rejected
250,696,6,Company Website,5,2024-04-28,Rejected
251,616,3,Company Website,10,2024-02-08,Hired
252,227,1,Company Website,7,2024-03-31,Hired
253,614,25,Company Website,3,2024-08-18,Rejected
254,438,10,LinkedIn,6,2024-07-13,Hired
255,955,19,LinkedIn,5,2024-09-20,Hired
256,181,16,Referral,3,2024-07-01,Rejected
257,835,21,Naukri,2,2024-10-31,Hired
258,86,12,Company Website,3,2024-05-03,Rejected
259,556,22,Referral,3,2024-10-06,Rejected
260,343,11,Naukri,6,2024-07-16,Rejected
261,632,12,Company Website,6,2024-08-02,Hired
262,388,1,Naukri,7,2024-12-07,Offer Declined
263,19,7,LinkedIn,3,2024-12-26,Rejected
264,504,24,Company Website,10,2024-03-13,Rejected
265,722,23,LinkedIn,9,2024-06-07,Rejected
266,772,16,Naukri,5,2024-10-01,Hired
267,156,7,Referral,8,2024-10-31,Rejected
268,606,16,Referral,5,2024-05-27,Rejected
269,1070,15,LinkedIn,11,2024-07-21,Rejected
270,1011,13,Referral,12,2024-09-18,Offer Declined
271,117,7,LinkedIn,9,2024-04-10,Rejected
272,917,2,Referral,9,2024-08-17,Rejected
273,940,1,LinkedIn,6,2024-06-08,Offer Declined
274,281,16,LinkedIn,5,2024-09-15,Rejected
275,385,25,LinkedIn,7,2024-04-03,Hired
276,576,15,Naukri,5,2024-04-08,Hired
277,53,17,Company Website,9,2024-11-09,Rejected
278,173,11,Company Website,8,2024-08-08,Hired
279,569,18,Referral,3,2024-07-24,Hired
280,1016,10,LinkedIn,9,2024-11-13,Hired
281,287,14,Naukri,9,2024-07-15,Hired
282,333,13,Referral,12,2024-02-07,Rejected
283,350,22,Referral,1,2024-12-12,Offer Declined
284,785,19,Referral,12,2024-08-02,Hired
285,558,19,Referral,8,2024-06-06,Hired
286,658,14,Company Website,7,2024-04-30,Rejected
287,533,4,Referral,7,2024-05-23,Rejected
288,790,13,Company Website,5,2024-06-18,Rejected
289,418,2,Company Website,9,2024-04-03,Rejected
290,328,16,Referral,1,2024-08-08,Rejected
291,572,22,Company Website,11,2024-06-06,Rejected
292,844,1,LinkedIn,5,2025-01-03,Hired
293,743,21,Company Website,9,2024-10-05,Rejected
294,249,9,Referral,8,2024-06-02,Rejected
295,85,11,Referral,6,2024-01-19,Hired
296,544,12,Naukri,2,2024-07-16,Hired
297,198,14,Company Website,12,2024-10-26,Hired
298,629,25,Naukri,11,2024-03-17,Hired
299,242,24,Company Website,7,2024-04-19,Rejected
300,820,11,Company Website,8,2024-07-05,Hired
301,717,8,Naukri,12,2024-08-31,Rejected
302,1090,9,Company Website,11,2024-03-20,Rejected
303,274,18,Naukri,6,2024-06-17,Rejected
304,847,5,LinkedIn,9,2024-04-17,Rejected
305,483,22,Company Website,7,2024-03-22,Hired
306,561,2,Naukri,3,2024-05-25,Hired
307,489,5,LinkedIn,5,2024-07-06,Rejected
308,781,12,Referral,3,2024-01-31,Rejected
309,564,12,LinkedIn,10,2024-07-28,Hired
310,560,13,Naukri,4,2024-09-23,Rejected
311,193,24,Referral,11,2024-06-26,Rejected
312,162,19,Referral,1,2024-12-19,Hired
313,148,19,LinkedIn,6,2024-11-22,Rejected
314,8,13,Company Website,11,2024-04-27,Hired
315,916,5,Referral,9,2024-05-25,Hired
316,913,22,LinkedIn,1,2024-04-20,Hired
317,958,3,LinkedIn,8,2024-11-07,Hired
318,603,16,Referral,6,2024-05-05,Rejected
319,472,18,Naukri,9,2024-10-19,Hired
320,577,8,LinkedIn,4,2024-06-26,Hired
321,59,22,Referral,7,2024-06-17,Rejected
322,130,11,Referral,12,2024-07-22,Rejected
323,231,9,Company Website,7,2024-02-21,Rejected
324,838,25,Naukri,11,2024-10-09,Offer Declined
325,761,16,Referral,11,2024-02-09,Hired
326,147,13,Company Website,10,2024-05-14,Hired
327,884,21,Company Website,11,2024-05-26,Offer Declined
328,391,13,Referral,10,2024-08-26,Hired
329,230,8,Company Website,3,2024-06-17,Rejected
330,398,21,LinkedIn,12,2024-08-10,Hired
331,34,20,Company Website,4,2024-11-23,Rejected
332,544,3,Naukri,9,2024-05-16,Hired
333,47,23,LinkedIn,2,2024-06-30,Rejected
334,422,10,Company Website,1,2024-07-23,Rejected
335,541,7,Referral,11,2025-01-01,Rejected
336,647,13,Referral,5,2024-03-30,Rejected
337,91,16,Naukri,12,2024-03-05,Hired
338,863,23,LinkedIn,12,2024-07-30,Rejected
339,210,18,Referral,2,2024-09-10,Rejected
340,746,24,Company Website,8,2024-04-07,Hired
341,692,18,Referral,8,2024-03-04,Offer Declined
342,223,2,Referral,9,2024-04-11,Rejected
343,429,20,Referral,5,2024-09-19,Rejected
344,396,14,Referral,9,2024-01-30,Hired
345,787,15,Naukri,7,2024-08-21,Hired
346,284,8,LinkedIn,2,2024-05-19,Hired
347,1089,16,Company Website,1,2024-04-30,Rejected
348,177,25,Company Website,1,2024-01-25,Rejected
349,1095,5,LinkedIn,6,2024-06-27,Rejected
350,946,20,Company Website,11,2024-08-24,Rejected
351,16,25,Naukri,4,2024-05-05,Hired
352,784,12,LinkedIn,2,2024-07-13,Rejected
353,410,9,Company Website,8,2024-03-11,Hired
354,901,5,LinkedIn,10,2025-01-01,Offer Declined
355,964,5,Naukri,7,2024-04-11,Offer Declined
356,962,21,Company Website,10,2024-07-19,Rejected
357,243,18,Company Website,10,2024-04-03,Rejected
358,129,23,Naukri,4,2024-08-13,Rejected
359,804,5,Naukri,11,2024-03-17,Hired
360,497,2,LinkedIn,4,2024-02-25,Rejected
361,78,2,Company Website,1,2024-02-06,Rejected
362,493,22,Naukri,11,2024-10-12,Rejected
363,848,7,Referral,1,2024-04-23,Offer Declined
364,959,20,LinkedIn,8,2024-05-21,Rejected
365,198,25,Naukri,3,2024-03-14,Hired
366,334,14,Referral,2,2024-10-16,Rejected
367,782,21,LinkedIn,2,2024-12-05,Rejected
368,176,24,LinkedIn,12,2024-02-04,Hired
369,596,3,Company Website,7,2024-03-04,Rejected
370,428,11,LinkedIn,3,2024-01-16,Rejected
371,938,5,Naukri,2,2024-11-29,Offer Declined
372,879,11,LinkedIn,10,2024-04-28,Rejected
373,1065,13,Referral,11,2024-02-20,Rejected
374,180,21,Naukri,2,2024-05-06,Rejected
375,753,14,Referral,5,2024-03-05,Hired
376,606,20,Naukri,8,2024-08-09,Rejected
377,686,9,Naukri,1,2024-10-28,Hired
378,154,24,LinkedIn,2,2024-02-29,Hired
379,1066,10,Company Website,8,2024-05-12,Hired
380,432,14,LinkedIn,1,2024-08-15,Hired
381,63,18,Naukri,7,2024-02-21,Hired
382,369,25,Referral,8,2024-02-18,Rejected
383,275,25,Referral,5,2024-05-30,Hired
384,59,6,Referral,7,2024-06-29,Rejected
385,333,17,Company Website,3,2024-03-24,Rejected
386,668,4,Referral,4,2024-11-26,Hired
387,845,1,LinkedIn,6,2024-03-29,Rejected
388,731,18,Referral,1,2024-05-19,Rejected
389,702,23,LinkedIn,9,2024-06-01,Hired
390,215,7,LinkedIn,6,2024-06-22,Rejected
391,691,23,Referral,2,2024-09-04,Rejected
392,250,7,Company Website,3,2025-01-01,Hired
393,1088,18,LinkedIn,11,2024-05-09,Hired
394,502,16,Company Website,9,2024-10-13,Hired
395,435,14,Naukri,5,2024-03-05,Rejected
396,533,4,Company Website,12,2024-04-04,Hired
397,362,12,Company Website,10,2024-03-14,Hired
398,583,1,Company Website,4,2024-06-16,Rejected
399,527,13,LinkedIn,2,2024-06-29,Rejected
400,532,15,Naukri,11,2024-04-27,Rejected
401,140,24,Company Website,5,2024-02-24,Rejected
402,131,11,LinkedIn,9,2024-02-21,Hired
403,151,10,Referral,2,2024-01-31,Rejected
404,232,5,Company Website,11,2024-05-26,Rejected
405,561,14,Company Website,3,2024-10-07,Rejected
406,523,21,Referral,7,2024-05-09,Rejected
407,355,5,Company Website,12,2024-10-10,Rejected
408,944,25,Referral,6,2024-03-09,Rejected
409,63,25,Company Website,4,2024-05-05,Rejected
410,428,17,Referral,11,2024-03-30,Rejected
411,569,12,LinkedIn,4,2024-07-03,Rejected
412,184,23,Naukri,11,2024-03-08,Rejected
413,539,23,Naukri,1,2024-07-08,Rejected
414,986,19,LinkedIn,1,2024-05-15,Rejected
415,521,22,LinkedIn,10,2024-10-03,Hired
416,458,25,LinkedIn,2,2024-11-14,Rejected
417,31,9,Referral,3,2024-06-06,Rejected
418,745,22,Naukri,3,2024-09-18,Hired
419,516,17,Referral,6,2024-08-12,Hired
420,1072,21,LinkedIn,4,2024-06-12,Rejected
421,585,24,Company Website,1,2024-04-13,Rejected
422,398,4,Naukri,7,2024-07-21,Rejected
423,494,8,Company Website,5,2024-09-15,Hired
424,104,17,LinkedIn,11,2024-02-08,Hired
425,757,25,Naukri,5,2024-08-01,Rejected
426,968,18,Company Website,8,2024-02-06,Rejected
427,226,1,Company Website,9,2024-05-21,Rejected
428,192,4,Company Website,2,2024-12-05,Rejected
429,983,9,Naukri,4,2024-09-11,Rejected
430,902,16,LinkedIn,2,2024-08-17,Rejected
431,140,2,Referral,6,2024-05-13,Hired
432,961,21,Naukri,6,2024-11-01,Hired
433,118,19,LinkedIn,9,2024-12-12,Rejected
434,992,1,Naukri,10,2024-07-14,Rejected
435,226,18,LinkedIn,7,2024-08-01,Rejected
436,115,14,Naukri,9,2024-10-14,Hired
437,1046,7,Referral,4,2024-06-27,Rejected
438,171,4,Company Website,5,2024-05-19,Rejected
439,944,1,Naukri,2,2024-11-17,Hired
440,651,4,LinkedIn,4,2024-11-15,Rejected
441,740,9,LinkedIn,2,2024-05-29,Rejected
442,987,22,Referral,3,2024-11-19,Rejected
443,23,12,LinkedIn,11,2024-09-30,Offer Declined
444,66,22,Naukri,8,2024-11-16,Rejected
445,747,23,Naukri,7,2024-04-11,Rejected
446,86,4,Referral,11,2024-09-09,Rejected
447,465,2,LinkedIn,10,2024-05-09,Hired
448,168,20,Company Website,4,2024-10-24,Rejected
449,585,20,Company Website,3,2024-03-22,Rejected
450,624,22,Referral,10,2024-06-27,Rejected
451,136,21,Company Website,1,2024-06-29,Rejected
452,26,10,Referral,8,2024-04-17,Rejected
453,135,4,Company Website,6,2024-07-26,Rejected
454,1008,9,Naukri,10,2024-09-24,Hired
455,395,1,Company Website,4,2024-07-11,Rejected
456,936,20,Referral,4,2024-08-09,Hired
457,66,13,Company Website,3,2024-06-19,Rejected
458,846,10,LinkedIn,10,2024-07-17,Rejected
459,332,3,Naukri,1,2024-08-15,Rejected
460,529,14,Company Website,8,2024-04-08,Hired
461,792,16,Naukri,5,2024-10-25,Rejected
462,247,13,Referral,7,2024-05-09,Rejected
463,281,25,Naukri,10,2024-04-06,Rejected
464,117,8,Naukri,4,2024-08-23,Rejected
465,344,18,LinkedIn,10,2024-08-25,Rejected
466,838,1,Referral,10,2024-11-09,Rejected
467,309,4,Referral,12,2024-07-21,Hired
468,195,16,LinkedIn,7,2024-08-07,Rejected
469,36,14,Referral,2,2024-03-13,Rejected
470,359,20,Naukri,7,2024-07-29,Rejected
471,1085,18,Company Website,5,2024-02-28,Offer Declined
472,239,13,Company Website,4,2024-09-25,Hired
473,1087,2,Referral,9,2024-10-18,Rejected
474,395,22,Company Website,2,2024-12-31,Rejected
475,783,3,Naukri,12,2024-06-14,Rejected
476,485,17,Company Website,6,2024-06-14,Rejected
477,528,14,LinkedIn,12,2024-10-14,Rejected
478,967,3,Naukri,11,2024-03-06,Rejected
479,20,24,Company Website,8,2024-07-05,Rejected
480,370,6,Company Website,6,2024-06-25,Rejected
481,882,5,LinkedIn,4,2024-07-12,Rejected
482,838,16,Company Website,3,2024-10-15,Rejected
483,760,16,Referral,7,2024-05-10,Rejected
484,748,23,Naukri,4,2024-10-10,Rejected
485,545,8,LinkedIn,1,2024-06-30,Hired
486,279,5,Company Website,10,2024-12-01,Hired
487,160,18,Company Website,10,2024-08-24,Rejected
488,681,9,Referral,6,2024-08-26,Rejected
489,645,23,Naukri,8,2024-09-10,Rejected
490,330,1,Company Website,6,2024-04-01,Rejected
491,599,11,Naukri,11,2024-03-12,Rejected
492,403,21,Referral,5,2024-07-24,Rejected
493,335,4,LinkedIn,10,2024-08-06,Rejected
494,94,10,Naukri,1,2024-09-12,Hired
495,845,2,Referral,1,2024-11-05,Hired
496,10,5,Naukri,2,2024-04-19,Hired
497,9,13,Naukri,4,2024-05-13,Hired
498,543,25,Naukri,1,2024-04-19,Rejected
499,234,9,LinkedIn,2,2024-01-19,Hired
500,305,1,Company Website,6,2024-07-02,Rejected
501,1070,11,Referral,6,2024-02-19,Rejected
502,855,5,Company Website,5,2024-08-11,Rejected
503,113,3,LinkedIn,5,2024-07-25,Rejected
504,544,19,LinkedIn,2,2024-05-25,Rejected
505,539,1,Naukri,12,2024-04-18,Rejected
506,700,1,Company Website,3,2024-09-07,Rejected
507,105,9,Naukri,12,2024-04-12,Rejected
508,789,12,Referral,12,2024-08-17,Hired
509,470,20,Referral,2,2024-03-12,Hired
510,193,18,LinkedIn,10,2024-09-19,Rejected
511,392,25,Company Website,8,2024-04-07,Rejected
512,192,4,Company Website,10,2024-07-25,Rejected
513,284,25,LinkedIn,4,2024-08-30,Hired
514,442,19,LinkedIn,11,2024-12-26,Rejected
515,494,8,Referral,9,2024-11-01,Rejected
516,1069,21,Referral,12,2024-10-21,Rejected
517,64,17,Naukri,12,2024-03-05,Hired
518,453,13,Referral,4,2024-01-19,Hired
519,394,18,Naukri,4,2024-09-10,Rejected
520,535,17,Naukri,3,2024-07-13,Rejected
521,464,9,Company Website,6,2024-02-07,Rejected
522,813,14,Referral,9,2024-06-26,Rejected
523,114,2,Referral,2,2024-07-11,Hired
524,101,24,Referral,9,2024-06-18,Rejected
525,310,6,Naukri,11,2024-05-03,Rejected
526,946,21,LinkedIn,4,2024-07-22,Rejected
527,245,9,Referral,11,2024-06-19,Rejected
528,1084,15,Referral,2,2024-09-10,Rejected
529,144,11,Company Website,7,2024-03-07,Rejected
530,137,18,Referral,11,2024-09-25,Hired
531,455,6,Company Website,6,2024-09-21,Rejected
532,857,18,Referral,9,2024-09-22,Rejected
533,645,18,LinkedIn,2,2024-09-06,Rejected
534,180,19,Referral,3,2024-10-22,Hired
535,265,25,LinkedIn,8,2024-02-09,Offer Declined
536,615,5,LinkedIn,11,2024-04-01,Hired
537,896,2,LinkedIn,3,2024-07-29,Hired
538,193,23,LinkedIn,1,2024-08-19,Rejected
539,277,12,LinkedIn,12,2024-06-09,Rejected
540,648,22,Naukri,9,2024-04-26,Rejected
541,347,17,Naukri,3,2024-08-31,Rejected
542,873,6,Referral,6,2024-07-19,Rejected
543,498,3,Company Website,9,2024-04-09,Rejected
544,188,21,Referral,12,2024-05-17,Rejected
545,969,16,Naukri,3,2024-07-27,Rejected
546,953,1,Company Website,12,2024-08-17,Rejected
547,266,3,Naukri,8,2024-05-19,Hired
548,1051,6,Referral,4,2024-02-26,Rejected
549,523,19,Company Website,12,2024-03-17,Rejected
550,658,2,Referral,3,2024-04-22,Hired
551,385,6,Company Website,1,2024-06-25,Rejected
552,475,2,Referral,1,2024-02-06,Rejected
553,81,25,LinkedIn,6,2024-05-30,Rejected
554,651,15,Referral,6,2024-05-06,Rejected
555,768,22,Referral,7,2024-08-22,Offer Declined
556,582,23,LinkedIn,4,2024-08-11,Hired
557,841,1,Naukri,11,2024-03-29,Hired
558,352,15,Naukri,5,2024-02-06,Rejected
559,1034,15,Referral,7,2024-05-19,Hired
560,629,1,Naukri,4,2024-11-01,Hired
561,689,5,LinkedIn,6,2024-12-16,Rejected
562,655,23,Naukri,12,2024-04-28,Rejected
563,99,1,Company Website,6,2024-12-25,Rejected
564,946,13,Naukri,12,2024-09-03,Hired
565,740,21,Naukri,2,2024-09-09,Rejected
566,243,5,Referral,1,2024-05-05,Rejected
567,466,8,Referral,2,2024-03-25,Rejected
568,1020,8,LinkedIn,4,2024-04-15,Hired
569,823,14,Referral,8,2024-09-12,Offer Declined
570,635,16,Company Website,6,2024-07-23,Rejected
571,639,4,Referral,10,2024-09-21,Rejected
572,1062,20,LinkedIn,8,2024-04-27,Rejected
573,853,14,LinkedIn,11,2024-09-04,Hired
574,426,25,Naukri,6,2024-05-16,Hired
575,744,19,LinkedIn,11,2024-12-05,Rejected
576,72,5,Company Website,10,2024-12-31,Rejected
577,886,23,LinkedIn,12,2024-11-17,Rejected
578,880,17,LinkedIn,3,2024-04-12,Rejected
579,596,10,Referral,2,2024-10-18,Rejected
580,119,22,Naukri,6,2024-07-12,Hired
581,324,6,Company Website,11,2024-08-11,Rejected
582,854,16,Naukri,6,2024-02-20,Offer Declined
583,674,18,Naukri,8,2024-06-24,Rejected
584,1025,18,LinkedIn,11,2024-10-27,Rejected
585,775,18,Naukri,3,2024-04-04,Hired
586,232,6,Referral,1,2024-01-11,Rejected
587,425,3,LinkedIn,9,2024-03-05,Rejected
588,1047,11,Company Website,3,2024-05-02,Hired
589,438,2,Naukri,3,2024-11-18,Rejected
590,63,20,Company Website,3,2024-10-14,Rejected
591,566,13,Naukri,7,2024-05-18,Rejected
592,1052,2,Company Website,1,2024-05-26,Hired
593,12,10,Referral,12,2024-03-11,Rejected
594,486,5,Referral,4,2024-06-07,Hired
595,360,22,Naukri,10,2024-12-10,Hired
596,414,17,LinkedIn,12,2024-05-04,Rejected
597,443,22,Referral,7,2024-11-12,Offer Declined
598,108,2,Company Website,1,2024-10-24,Rejected
599,177,12,LinkedIn,9,2024-08-27,Rejected
600,292,3,Referral,8,2024-09-05,Hired
601,444,3,Referral,7,2024-05-03,Offer Declined
602,408,25,Naukri,3,2024-05-25,Rejected
603,731,22,Company Website,5,2024-10-16,Rejected
604,332,21,Naukri,8,2024-08-24,Rejected
605,292,23,Naukri,10,2024-03-14,Rejected
606,255,23,Referral,3,2024-07-10,Rejected
607,983,13,Company Website,10,2024-08-07,Hired
608,969,12,Referral,8,2024-09-18,Hired
609,406,25,Company Website,10,2024-10-12,Rejected
610,297,6,Naukri,4,2024-09-19,Rejected
611,721,9,Company Website,2,2024-02-13,Rejected
612,206,8,Referral,12,2024-10-04,Rejected
613,688,24,Referral,12,2024-08-24,Rejected
614,312,3,Company Website,10,2024-08-24,Rejected
615,14,12,LinkedIn,12,2024-10-20,Rejected
616,726,23,Company Website,7,2024-10-01,Rejected
617,321,22,LinkedIn,11,2024-08-20,Hired
618,750,11,Company Website,6,2024-03-27,Hired
619,450,19,Referral,3,2024-12-20,Rejected
620,825,9,Naukri,5,2024-10-14,Rejected
621,279,23,LinkedIn,10,2024-03-30,Rejected
622,983,16,Company Website,8,2024-06-25,Rejected
623,745,19,LinkedIn,6,2024-07-21,Rejected
624,1090,10,Referral,11,2024-10-31,Rejected
625,239,19,Referral,5,2024-11-02,Hired
626,534,4,LinkedIn,6,2024-10-13,Rejected
627,138,16,Referral,11,2024-07-28,Hired
628,25,19,Referral,6,2024-12-03,Hired
629,1014,18,Naukri,12,2024-06-17,Rejected
630,45,6,LinkedIn,4,2024-07-14,Hired
631,122,25,Naukri,3,2024-05-07,Offer Declined
632,467,1,Naukri,1,2024-08-29,Offer Declined
633,541,9,LinkedIn,12,2024-08-17,Rejected
634,295,2,LinkedIn,3,2024-03-31,Hired
635,396,8,LinkedIn,12,2024-10-20,Rejected
636,791,18,Company Website,2,2024-10-02,Rejected
637,259,18,Referral,1,2024-04-22,Offer Declined
638,115,12,Naukri,2,2024-02-26,Rejected
639,45,12,Referral,12,2024-02-02,Rejected
640,231,19,Company Website,3,2024-05-28,Hired
641,371,17,Naukri,10,2024-03-30,Rejected
642,406,23,Referral,2,2024-08-01,Rejected
643,667,7,Company Website,7,2024-11-09,Rejected
644,914,17,Naukri,8,2024-06-13,Rejected
645,359,8,Naukri,3,2024-03-24,Rejected
646,719,25,LinkedIn,8,2024-04-07,Rejected
647,69,18,Company Website,9,2024-10-19,Rejected
648,29,12,Company Website,8,2024-11-03,Hired
649,691,4,Company Website,9,2024-04-09,Hired
650,99,10,Naukri,8,2024-04-08,Hired
651,786,13,Naukri,12,2024-04-05,Offer Declined
652,1025,10,LinkedIn,6,2024-01-26,Hired
653,388,20,Company Website,12,2024-10-02,Rejected
654,684,4,Company Website,10,2024-10-24,Rejected
655,648,11,Company Website,4,2024-04-04,Hired
656,433,15,LinkedIn,10,2024-05-27,Rejected
657,652,11,Referral,10,2024-06-28,Rejected
658,325,22,Company Website,5,2024-09-09,Rejected
659,1008,5,LinkedIn,3,2024-04-26,Rejected
660,170,12,Company Website,5,2024-08-20,Offer Declined
661,876,15,LinkedIn,2,2024-09-26,Rejected
662,211,21,Company Website,5,2024-05-26,Hired
663,892,15,Company Website,12,2024-03-09,Rejected
664,167,22,Company Website,11,2024-07-30,Rejected
665,200,8,LinkedIn,8,2024-09-16,Offer Declined
666,440,16,LinkedIn,11,2024-06-13,Hired
667,570,16,Referral,4,2024-05-23,Rejected
668,1026,7,Company Website,10,2024-12-17,Hired
669,935,8,Referral,7,2024-08-01,Rejected
670,243,10,LinkedIn,12,2024-09-22,Hired
671,605,16,LinkedIn,10,2024-03-26,Hired
672,269,16,Referral,11,2024-10-14,Rejected
673,511,16,Referral,9,2024-07-22,Hired
674,911,3,Company Website,1,2024-02-23,Rejected
675,168,17,LinkedIn,4,2024-03-20,Hired
676,961,21,LinkedIn,12,2024-11-11,Rejected
677,703,6,Naukri,3,2024-05-30,Rejected
678,381,22,Referral,6,2024-05-21,Hired
679,336,15,Naukri,8,2024-04-04,Rejected
680,513,3,Referral,1,2024-05-30,Hired
681,330,7,Referral,2,2024-07-23,Hired
682,1092,18,Company Website,4,2024-08-05,Rejected
683,853,2,Company Website,6,2024-03-27,Hired
684,786,23,Naukri,11,2024-03-01,Rejected
685,985,11,Naukri,5,2024-09-06,Rejected
686,1067,5,LinkedIn,9,2024-06-05,Rejected
687,830,19,Naukri,3,2024-08-12,Rejected
688,962,6,Company Website,5,2024-08-30,Hired
689,753,6,LinkedIn,9,2024-10-17,Rejected
690,673,10,Naukri,6,2024-10-04,Rejected
691,754,14,Company Website,2,2024-03-08,Hired
692,1022,4,Referral,6,2024-06-08,Rejected
693,365,13,Referral,1,2024-07-22,Rejected
694,419,9,Company Website,2,2024-06-17,Rejected
695,933,17,Referral,10,2024-06-29,Rejected
696,985,9,Naukri,9,2024-07-10,Rejected
697,738,23,Naukri,10,2024-04-29,Hired
698,615,24,Referral,12,2024-04-26,Rejected
699,132,2,Company Website,1,2024-06-10,Rejected
700,146,19,Naukri,9,2024-06-18,Rejected
701,242,4,Naukri,11,2024-12-13,Rejected
702,588,7,LinkedIn,4,2024-05-27,Hired
703,4,21,Referral,1,2025-01-10,Hired
704,180,11,Referral,6,2024-08-18,Rejected
705,19,14,Company Website,6,2024-11-06,Rejected
706,371,25,LinkedIn,10,2024-10-19,Rejected
707,368,8,Naukri,2,2024-06-23,Rejected
708,250,11,Referral,10,2024-04-29,Rejected
709,663,20,Company Website,7,2024-11-22,Hired
710,138,15,Company Website,2,2024-01-24,Hired
711,1054,17,Naukri,7,2024-06-22,Offer Declined
712,46,22,LinkedIn,1,2024-09-23,Offer Declined
713,1089,2,Company Website,3,2024-09-11,Offer Declined
714,749,24,Naukri,6,2024-07-28,Rejected
715,523,25,Naukri,3,2024-07-28,Rejected
716,311,25,Naukri,2,2024-04-10,Hired
717,328,8,Referral,9,2024-05-14,Hired
718,197,12,Company Website,7,2024-10-30,Rejected
719,31,25,LinkedIn,4,2024-09-14,Rejected
720,288,13,Naukri,1,2024-08-10,Rejected
721,732,12,Naukri,2,2024-05-16,Rejected
722,794,10,Company Website,6,2024-09-24,Hired
723,86,2,Naukri,11,2024-10-06,Hired
724,927,4,Naukri,1,2024-04-23,Rejected
725,406,3,LinkedIn,5,2024-05-08,Rejected
726,680,21,LinkedIn,6,2024-04-30,Rejected
727,868,21,Referral,2,2024-04-28,Hired
728,916,21,Naukri,11,2024-12-06,Hired
729,353,25,Referral,7,2024-04-09,Rejected
730,218,15,Company Website,3,2024-06-25,Hired
731,1020,2,LinkedIn,12,2024-02-29,Rejected
732,120,8,Referral,9,2024-05-31,Rejected
733,687,15,LinkedIn,2,2024-01-31,Rejected
734,392,17,Company Website,3,2024-10-28,Rejected
735,430,19,Company Website,5,2024-06-28,Rejected
736,188,1,Naukri,8,2024-11-10,Rejected
737,457,12,Company Website,2,2024-01-15,Rejected
738,836,10,LinkedIn,9,2024-05-04,Rejected
739,747,16,Referral,4,2024-06-07,Rejected
740,677,20,Naukri,1,2024-07-18,Rejected
741,854,10,Company Website,2,2024-08-16,Hired
742,174,6,LinkedIn,1,2024-03-22,Offer Declined
743,394,13,Referral,11,2024-10-11,Rejected
744,784,9,Company Website,5,2024-02-27,Hired
745,204,14,Company Website,10,2024-04-28,Hired
746,598,13,LinkedIn,10,2024-08-23,Rejected
747,260,25,Naukri,2,2024-09-19,Rejected
748,896,7,Naukri,11,2024-12-04,Hired
749,379,10,LinkedIn,12,2024-02-05,Rejected
750,232,7,Referral,4,2024-05-09,Rejected
751,453,7,Referral,6,2024-04-28,Hired
752,752,11,Company Website,12,2024-04-09,Hired
753,332,10,Company Website,8,2024-06-13,Rejected
754,8,23,Naukri,2,2024-05-01,Hired
755,883,24,Naukri,11,2024-10-24,Hired
756,534,19,LinkedIn,2,2024-05-21,Rejected
757,189,1,Naukri,1,2024-10-03,Offer Declined
758,87,19,Referral,2,2024-05-20,Rejected
759,652,19,Company Website,11,2024-08-06,Offer Declined
760,1092,18,Naukri,5,2024-11-06,Rejected
761,419,6,Company Website,12,2024-09-24,Hired
762,259,18,Referral,6,2024-07-12,Rejected
763,456,14,Referral,11,2024-10-07,Rejected
764,264,2,LinkedIn,7,2024-10-20,Hired
765,380,11,LinkedIn,9,2024-08-20,Hired
766,565,1,LinkedIn,11,2024-08-20,Offer Declined
767,768,7,Company Website,4,2024-11-15,Rejected
768,769,1,Referral,5,2024-12-09,Rejected
769,66,9,Referral,8,2024-07-30,Rejected
770,437,18,Company Website,6,2024-07-04,Rejected
771,932,12,Referral,2,2024-06-18,Offer Declined
772,425,7,Naukri,7,2024-10-02,Rejected
773,751,2,LinkedIn,5,2024-06-15,Rejected
774,125,18,Referral,6,2024-10-28,Rejected
775,67,14,Company Website,10,2024-08-16,Hired
776,626,24,Naukri,6,2024-10-14,Rejected
777,968,22,LinkedIn,12,2024-09-09,Rejected
778,999,6,LinkedIn,6,2024-04-07,Rejected
779,553,23,Company Website,1,2024-05-10,Rejected
780,695,13,Company Website,8,2024-03-14,Hired
781,863,23,Naukri,6,2024-06-26,Hired
782,376,12,Naukri,6,2024-04-01,Rejected
783,125,21,Naukri,6,2024-08-09,Rejected
784,355,11,LinkedIn,7,2024-01-31,Rejected
785,394,10,Naukri,6,2024-08-28,Rejected
786,245,2,LinkedIn,5,2024-10-23,Rejected
787,1046,11,Company Website,10,2024-08-25,Rejected
788,42,21,Company Website,7,2024-07-27,Rejected
789,777,18,LinkedIn,12,2024-04-26,Rejected
790,234,1,Referral,6,2024-09-29,Hired
791,72,1,Naukri,4,2024-05-26,Hired
792,475,19,Referral,2,2024-03-13,Rejected
793,493,10,Naukri,8,2024-05-05,Rejected
794,660,3,LinkedIn,1,2024-11-26,Hired
795,667,14,LinkedIn,9,2024-11-07,Rejected
796,251,12,Naukri,4,2024-09-05,Hired
797,638,24,Company Website,6,2024-09-01,Rejected
798,468,20,LinkedIn,6,2024-03-11,Rejected
799,493,1,Company Website,4,2024-10-13,Hired
800,493,17,Company Website,11,2024-07-24,Rejected
801,1065,19,Referral,5,2024-03-22,Rejected
802,982,20,Company Website,1,2024-10-30,Hired
803,779,8,Company Website,4,2024-04-08,Hired
804,962,10,Company Website,3,2024-04-22,Hired
805,533,16,Company Website,2,2024-03-05,Rejected
806,946,10,Naukri,12,2024-07-01,Rejected
807,139,16,LinkedIn,2,2024-01-13,Hired
808,756,21,LinkedIn,7,2024-06-21,Rejected
809,1040,15,Company Website,5,2024-08-08,Rejected
810,1057,14,Referral,12,2024-07-16,Rejected
811,206,14,Company Website,2,2024-04-15,Rejected
812,595,13,Naukri,4,2024-07-15,Rejected
813,733,6,Referral,10,2024-07-19,Rejected
814,562,21,Referral,2,2024-12-30,Rejected
815,235,11,Referral,11,2024-07-20,Offer Declined
816,671,9,Naukri,6,2024-10-05,Rejected
817,694,14,Naukri,7,2024-03-18,Rejected
818,740,19,Naukri,7,2024-03-14,Rejected
819,332,16,Naukri,11,2024-01-13,Rejected
820,915,17,Referral,7,2024-11-03,Hired
821,477,13,Naukri,12,2024-05-18,Rejected
822,338,9,Referral,12,2024-08-28,Rejected
823,59,24,Company Website,4,2024-02-18,Offer Declined
824,823,6,LinkedIn,8,2024-06-15,Rejected
825,968,16,Naukri,9,2024-10-17,Hired
826,139,9,Naukri,12,2024-04-04,Rejected
827,530,19,Naukri,12,2024-06-06,Rejected
828,1044,15,Referral,5,2024-04-07,Rejected
829,1095,1,Naukri,12,2024-12-29,Rejected
830,228,23,Naukri,5,2024-10-04,Hired
831,617,24,Naukri,9,2024-06-26,Hired
832,456,24,Company Website,12,2024-11-07,Rejected
833,259,25,Referral,8,2024-07-02,Rejected
834,337,20,LinkedIn,11,2024-10-19,Offer Declined
835,166,13,LinkedIn,10,2024-03-01,Hired
836,303,4,Referral,2,2024-12-16,Offer Declined
837,1067,4,LinkedIn,1,2024-06-27,Rejected
838,902,20,LinkedIn,12,2024-06-29,Hired
839,1092,23,Naukri,3,2024-09-19,Rejected
840,644,4,Referral,10,2024-07-10,Rejected
841,270,14,Referral,6,2024-02-02,Rejected
842,148,19,LinkedIn,10,2024-04-05,Rejected
843,104,25,Naukri,12,2024-03-22,Offer Declined
844,571,11,Referral,12,2024-06-10,Rejected
845,420,18,Company Website,10,2024-03-06,Hired
846,12,1,LinkedIn,12,2024-08-13,Rejected
847,467,21,Referral,2,2024-08-12,Rejected
848,992,7,Naukri,7,2025-01-08,Rejected
849,951,4,Company Website,8,2024-12-31,Rejected
850,452,1,Referral,5,2024-07-01,Hired
851,508,11,Naukri,12,2024-09-30,Rejected
852,812,20,LinkedIn,4,2024-08-07,Hired
853,445,5,Company Website,6,2024-05-02,Rejected
854,1045,16,Referral,9,2024-09-04,Rejected
855,55,3,Referral,7,2024-10-11,Rejected
856,328,2,Referral,8,2024-05-23,Rejected
857,321,11,Naukri,7,2024-08-07,Hired
858,967,19,Naukri,4,2024-06-05,Rejected
859,724,6,LinkedIn,5,2024-05-09,Hired
860,714,20,LinkedIn,8,2024-07-23,Hired
861,772,4,Naukri,6,2024-08-20,Rejected
862,4,17,Referral,5,2024-09-15,Rejected
863,257,7,Naukri,5,2024-06-10,Rejected
864,892,20,Company Website,7,2024-04-21,Rejected
865,388,20,LinkedIn,3,2024-10-13,Rejected
866,353,19,Naukri,6,2024-09-29,Hired
867,889,15,Company Website,5,2024-05-03,Hired
868,205,25,Naukri,12,2024-04-06,Rejected
869,390,3,Naukri,8,2024-11-27,Offer Declined
870,396,5,Company Website,11,2024-12-15,Rejected
871,996,8,LinkedIn,1,2024-11-24,Rejected
872,910,4,LinkedIn,11,2024-07-09,Hired
873,209,4,Company Website,4,2025-01-14,Rejected
874,468,25,Naukri,11,2024-06-25,Hired
875,762,18,LinkedIn,8,2024-07-17,Rejected
876,323,20,Referral,3,2024-04-06,Rejected
877,208,7,LinkedIn,10,2024-08-08,Rejected
878,405,2,Naukri,4,2024-03-02,Rejected
879,524,23,Referral,2,2024-03-14,Offer Declined
880,1003,3,Naukri,5,2024-06-19,Rejected
881,615,17,Company Website,4,2024-02-05,Hired
882,497,6,Company Website,2,2024-07-11,Rejected
883,17,1,LinkedIn,6,2024-07-15,Rejected
884,927,16,Company Website,1,2024-03-07,Rejected
885,429,12,Referral,1,2024-05-08,Hired
886,796,16,Company Website,11,2024-06-20,Rejected
887,804,20,Naukri,5,2024-12-02,Rejected
888,149,24,Company Website,11,2024-08-20,Rejected
889,1088,17,Company Website,5,2024-09-15,Rejected
890,833,20,Company Website,4,2024-06-03,Rejected
891,442,6,Company Website,10,2024-01-28,Hired
892,1042,7,LinkedIn,2,2024-08-04,Rejected
893,883,10,LinkedIn,1,2024-07-30,Rejected
894,1000,12,Naukri,4,2024-05-25,Rejected
895,269,23,Referral,7,2024-09-27,Rejected
896,293,11,Company Website,11,2024-04-26,Offer Declined
897,607,8,LinkedIn,7,2024-03-13,Rejected
898,666,21,Naukri,6,2024-10-31,Rejected
899,263,7,LinkedIn,11,2024-05-05,Rejected
900,588,2,LinkedIn,5,2024-03-17,Rejected
901,333,25,LinkedIn,2,2024-06-25,Hired
902,613,16,LinkedIn,12,2024-02-15,Rejected
903,368,3,Company Website,11,2024-08-12,Rejected
904,850,8,LinkedIn,2,2024-11-23,Rejected
905,951,24,Referral,8,2024-10-13,Hired
906,785,3,LinkedIn,7,2024-09-20,Rejected
907,779,9,Naukri,6,2024-05-02,Rejected
908,776,21,Company Website,9,2024-11-19,Rejected
909,571,11,LinkedIn,10,2024-10-23,Hired
910,920,15,Referral,4,2024-02-01,Rejected
911,903,5,Company Website,10,2024-06-01,Hired
912,741,20,Naukri,10,2024-07-23,Hired
913,351,6,Company Website,3,2024-09-24,Rejected
914,488,7,LinkedIn,9,2024-08-18,Hired
915,853,6,LinkedIn,1,2024-01-11,Rejected
916,621,5,Company Website,12,2024-10-28,Rejected
917,210,24,LinkedIn,7,2024-02-21,Rejected
918,1037,1,LinkedIn,7,2024-08-24,Rejected
919,260,18,Company Website,2,2024-07-26,Hired
920,56,1,Naukri,9,2024-03-31,Rejected
921,167,3,LinkedIn,9,2024-05-29,Rejected
922,1061,13,LinkedIn,3,2024-04-15,Rejected
923,854,18,Company Website,5,2024-06-18,Rejected
924,641,18,LinkedIn,10,2024-05-24,Rejected
925,837,25,Referral,10,2024-03-10,Hired
926,230,4,LinkedIn,7,2024-04-27,Rejected
927,441,14,Referral,11,2024-02-21,Rejected
928,593,22,Naukri,10,2024-11-30,Hired
929,44,7,Referral,8,2024-11-10,Offer Declined
930,667,11,Referral,9,2024-11-07,Rejected
931,1043,12,LinkedIn,2,2024-06-02,Offer Declined
932,1016,23,Referral,4,2024-10-21,Rejected
933,236,16,Referral,9,2024-07-18,Hired
934,597,3,Referral,6,2024-10-20,Hired
935,845,18,Referral,10,2024-05-27,Rejected
936,890,6,Company Website,5,2024-05-05,Rejected
937,277,23,Naukri,9,2024-05-14,Rejected
938,163,21,Referral,12,2024-03-26,Rejected
939,739,15,Referral,12,2024-04-09,Hired
940,818,5,Company Website,3,2024-06-22,Hired
941,616,15,LinkedIn,3,2024-02-29,Rejected
942,1083,8,Company Website,1,2024-11-10,Rejected
943,803,19,Company Website,11,2024-06-08,Rejected
944,401,9,Referral,11,2024-08-11,Rejected
945,586,3,Company Website,11,2024-11-19,Offer Declined
946,819,1,Company Website,4,2025-01-08,Rejected
947,289,16,Referral,9,2024-07-29,Rejected
948,76,24,LinkedIn,4,2024-09-14,Rejected
949,354,11,Referral,5,2024-02-20,Rejected
950,974,17,Referral,5,2024-09-27,Rejected
951,377,16,Naukri,3,2024-07-18,Rejected
952,319,11,Naukri,8,2024-02-27,Hired
953,210,25,Naukri,3,2024-07-11,Hired
954,459,16,Referral,5,2024-10-20,Hired
955,169,14,Referral,4,2024-06-22,Rejected
956,25,12,Company Website,4,2024-08-03,Rejected
957,956,24,LinkedIn,8,2024-08-01,Rejected
958,1,3,LinkedIn,4,2024-08-16,Rejected
959,519,10,Naukri,1,2024-08-17,Hired
960,947,24,Company Website,10,2024-03-10,Rejected
961,185,5,Naukri,8,2024-11-28,Rejected
962,437,12,LinkedIn,6,2024-06-08,Rejected
963,66,13,LinkedIn,10,2024-10-26,Rejected
964,994,17,Naukri,7,2024-02-15,Rejected
965,948,6,Referral,6,2024-03-22,Hired
966,330,6,Naukri,2,2024-07-25,Rejected
967,688,20,Company Website,4,2024-12-22,Rejected
968,668,6,LinkedIn,9,2024-05-30,Hired
969,1039,8,LinkedIn,1,2024-09-18,Rejected
970,521,21,Referral,11,2024-09-05,Offer Declined
971,881,8,Company Website,8,2024-07-30,Offer Declined
972,957,3,Referral,2,2024-09-29,Rejected
973,233,4,Naukri,12,2024-06-26,Rejected
974,430,24,Naukri,4,2024-03-25,Rejected
975,685,15,Naukri,6,2024-09-19,Hired
976,988,2,LinkedIn,11,2024-09-21,Hired
977,119,18,Naukri,8,2024-04-19,Hired
978,138,18,Company Website,1,2024-02-29,Offer Declined
979,985,18,Company Website,9,2024-01-31,Rejected
980,848,15,Naukri,3,2024-02-24,Offer Declined
981,842,1,Naukri,6,2024-04-17,Rejected
982,1007,16,Company Website,7,2024-06-16,Rejected
983,1035,7,LinkedIn,6,2024-04-30,Hired
984,884,14,Naukri,4,2024-02-08,Rejected
985,25,5,LinkedIn,2,2024-09-02,Offer Declined
986,867,5,Company Website,12,2024-04-12,Hired
987,766,19,LinkedIn,10,2024-11-10,Hired
988,647,18,LinkedIn,7,2024-08-02,Rejected
989,839,17,LinkedIn,8,2024-06-17,Rejected
990,1080,13,Company Website,2,2024-10-10,Rejected
991,201,22,Company Website,11,2024-11-27,Hired
992,1020,17,Company Website,9,2024-03-28,Rejected
993,238,9,Company Website,5,2024-01-19,Hired
994,863,7,Referral,11,2024-04-24,Rejected
995,972,5,Naukri,6,2024-03-16,Rejected
996,960,18,Company Website,2,2024-11-12,Rejected
997,108,9,Referral,5,2024-06-06,Rejected
998,481,16,Company Website,10,2024-10-16,Hired
999,882,18,Company Website,9,2024-02-05,Rejected
1000,300,12,Company Website,5,2024-11-06,Hired
1001,93,14,Referral,11,2024-10-19,Rejected
1002,303,5,Referral,12,2024-03-22,Rejected
1003,501,18,LinkedIn,11,2024-02-21,Rejected
1004,538,2,Naukri,12,2024-04-30,Rejected
1005,464,5,Referral,10,2024-09-26,Rejected
1006,207,14,Naukri,8,2024-04-01,Rejected
1007,790,2,Referral,3,2024-10-27,Hired
1008,359,10,Referral,6,2024-09-09,Hired
1009,1082,21,Referral,8,2024-03-28,Rejected
1010,251,2,Naukri,1,2024-03-03,Hired
1011,132,20,Referral,6,2024-09-23,Rejected
1012,320,24,Company Website,3,2024-02-25,Rejected
1013,83,18,LinkedIn,8,2024-06-25,Rejected
1014,294,17,Company Website,2,2024-10-21,Rejected
1015,316,3,Referral,4,2024-05-26,Hired
1016,112,5,Referral,2,2024-03-15,Hired
1017,898,13,Referral,3,2024-04-09,Rejected
1018,643,20,Company Website,11,2024-06-06,Offer Declined
1019,918,15,Referral,5,2024-03-25,Rejected
1020,376,25,Naukri,10,2024-10-24,Rejected
1021,312,25,Naukri,12,2024-07-29,Rejected
1022,250,3,Naukri,5,2024-02-16,Hired
1023,628,8,Referral,2,2024-03-15,Rejected
1024,956,21,Naukri,8,2024-08-10,Offer Declined
1025,191,2,Referral,7,2024-03-31,Hired
1026,332,24,Naukri,2,2024-04-21,Rejected
1027,188,24,Company Website,2,2024-01-23,Rejected
1028,506,10,Company Website,11,2024-03-28,Rejected
1029,839,23,Company Website,2,2024-02-26,Rejected
1030,813,19,Referral,4,2024-03-18,Hired
1031,893,5,Referral,8,2024-07-16,Rejected
1032,742,1,Naukri,7,2024-12-20,Rejected
1033,600,25,Company Website,5,2024-02-24,Hired
1034,241,6,Naukri,7,2024-05-31,Hired
1035,911,15,Referral,4,2024-06-25,Rejected
1036,622,12,Company Website,10,2024-09-16,Hired
1037,244,16,Company Website,2,2024-02-26,Rejected
1038,910,3,Company Website,5,2024-11-22,Rejected
1039,530,5,Company Website,2,2024-11-23,Hired
1040,1029,17,Naukri,9,2024-06-02,Hired
1041,391,9,LinkedIn,8,2024-08-15,Rejected
1042,703,12,Company Website,11,2024-07-27,Rejected
1043,173,11,Company Website,11,2024-03-16,Rejected
1044,631,13,Company Website,9,2024-03-26,Offer Declined
1045,590,21,Referral,8,2024-05-23,Rejected
1046,590,21,Company Website,10,2024-11-13,Rejected
1047,355,6,Referral,11,2024-03-14,Hired
1048,33,8,Company Website,12,2024-11-23,Rejected
1049,563,15,Company Website,6,2024-01-23,Rejected
1050,875,2,LinkedIn,8,2024-05-25,Hired
1051,403,11,LinkedIn,2,2024-08-10,Offer Declined
1052,636,20,Company Website,4,2024-06-25,Rejected
1053,762,16,Company Website,11,2024-08-11,Rejected
1054,749,7,Company Website,2,2024-11-08,Rejected
1055,141,24,Referral,9,2024-05-14,Rejected
1056,916,19,Company Website,11,2024-04-30,Hired
1057,857,20,Naukri,4,2024-08-30,Rejected
1058,873,15,Referral,5,2024-09-26,Rejected
1059,646,7,Company Website,12,2024-10-15,Offer Declined
1060,77,5,Company Website,10,2024-10-29,Rejected
1061,424,9,LinkedIn,3,2024-09-24,Rejected
1062,709,7,Referral,2,2024-04-29,Hired
1063,485,9,Company Website,5,2024-04-26,Rejected
1064,839,25,LinkedIn,1,2024-09-03,Rejected
1065,354,5,Naukri,12,2024-04-17,Hired
1066,779,15,Naukri,9,2024-02-27,Rejected
1067,741,21,LinkedIn,3,2024-08-20,Rejected
1068,665,25,Company Website,4,2024-10-30,Hired
1069,90,8,LinkedIn,8,2024-05-14,Hired
1070,71,1,Company Website,11,2024-09-05,Rejected
1071,761,8,Company Website,4,2024-08-01,Rejected
1072,381,4,Company Website,3,2024-08-12,Hired
1073,929,2,Referral,3,2024-04-27,Rejected
1074,134,18,Naukri,5,2024-08-10,Rejected
1075,561,3,Naukri,11,2024-08-09,Rejected
1076,685,7,Company Website,4,2024-05-22,Offer Declined
1077,27,14,LinkedIn,8,2024-07-01,Rejected
1078,762,25,Referral,8,2024-08-28,Rejected
1079,452,15,Referral,4,2024-05-08,Offer Declined
1080,979,25,Referral,12,2024-07-18,Rejected
1081,170,23,LinkedIn,10,2024-08-11,Rejected
1082,796,5,Referral,8,2024-03-30,Hired
1083,892,17,Naukri,8,2024-05-21,Rejected
1084,962,25,Naukri,6,2024-02-08,Rejected
1085,2,1,Referral,5,2024-11-19,Rejected
1086,908,11,Naukri,5,2024-03-23,Rejected
1087,1008,12,Naukri,12,2024-10-13,Offer Declined
1088,637,3,Company Website,6,2024-05-17,Hired
1089,197,13,Referral,6,2024-01-18,Rejected
1090,301,19,Naukri,7,2024-06-09,Hired
1091,240,10,Referral,10,2024-06-18,Hired
1092,198,7,Referral,5,2024-06-15,Rejected
1093,847,4,Referral,11,2024-12-17,Hired
1094,581,7,Referral,5,2024-11-19,Hired
1095,456,6,Referral,4,2024-01-09,Hired
1096,407,15,Company Website,5,2024-06-23,Rejected
1097,49,18,Referral,5,2024-07-15,Hired
1098,1051,1,Referral,3,2024-03-29,Offer Declined
1099,749,14,LinkedIn,11,2024-05-07,Rejected
1100,701,11,LinkedIn,9,2024-07-19,Rejected
1101,875,4,Referral,2,2024-06-29,Hired
1102,914,2,Company Website,5,2024-11-28,Rejected
1103,1078,2,LinkedIn,6,2024-08-11,Rejected
1104,537,4,Naukri,8,2024-10-30,Hired
1105,675,12,Naukri,4,2024-09-25,Rejected
1106,202,22,Naukri,4,2024-07-31,Rejected
1107,69,1,Naukri,12,2024-07-27,Hired
1108,488,8,Naukri,9,2024-12-05,Rejected
1109,718,3,Company Website,6,2024-10-16,Rejected
1110,394,15,Naukri,7,2024-02-09,Rejected
1111,976,4,Naukri,1,2024-12-19,Rejected
1112,85,10,LinkedIn,5,2024-07-17,Hired
1113,242,25,Company Website,3,2024-07-17,Hired
1114,1082,8,Naukri,11,2024-11-29,Rejected
1115,1059,16,Naukri,7,2024-03-01,Hired
1116,622,10,Naukri,10,2024-03-28,Hired
1117,964,16,LinkedIn,8,2024-07-01,Rejected
1118,816,13,Naukri,6,2024-06-28,Rejected
1119,1007,7,Company Website,4,2024-04-11,Rejected
1120,1030,11,LinkedIn,12,2024-04-23,Offer Declined
1121,460,2,LinkedIn,6,2024-09-28,Rejected
1122,210,23,Naukri,9,2024-04-16,Rejected
1123,741,22,LinkedIn,7,2024-08-30,Hired
1124,89,7,Referral,11,2024-05-24,Rejected
1125,948,2,Company Website,5,2024-08-20,Rejected
1126,617,25,LinkedIn,4,2024-07-14,Offer Declined
1127,364,1,LinkedIn,4,2024-11-28,Rejected
1128,871,16,Naukri,12,2024-07-06,Offer Declined
1129,169,8,LinkedIn,10,2024-04-13,Rejected
1130,33,21,Company Website,8,2024-05-22,Hired
1131,564,18,LinkedIn,7,2024-05-30,Hired
1132,555,19,LinkedIn,5,2024-12-17,Rejected
1133,945,11,Naukri,12,2024-03-22,Rejected
1134,498,22,Naukri,1,2024-07-06,Hired
1135,553,1,Naukri,8,2025-01-15,Hired
1136,742,12,LinkedIn,7,2024-08-12,Offer Declined
1137,117,24,LinkedIn,8,2024-08-21,Rejected
1138,87,13,Company Website,12,2024-11-01,Rejected
1139,1010,18,Company Website,3,2024-03-31,Rejected
1140,1050,3,Company Website,3,2024-04-20,Hired
1141,861,10,Referral,5,2024-10-07,Rejected
1142,490,1,LinkedIn,8,2024-05-05,Rejected
1143,201,20,Naukri,9,2024-09-06,Rejected
1144,282,6,LinkedIn,2,2024-04-22,Rejected
1145,474,15,Referral,4,2024-06-27,Rejected
1146,97,14,Company Website,3,2024-03-23,Rejected
1147,190,4,Company Website,8,2024-04-15,Hired
1148,836,1,Referral,12,2024-07-09,Rejected
1149,294,17,Company Website,8,2024-05-20,Rejected
1150,87,2,Referral,9,2024-05-01,Rejected
1151,685,18,LinkedIn,12,2024-05-07,Hired
1152,903,21,LinkedIn,2,2024-07-04,Rejected
1153,1066,15,Naukri,11,2024-06-30,Hired
1154,551,18,LinkedIn,8,2024-02-15,Rejected
1155,863,12,LinkedIn,3,2024-11-04,Rejected
1156,873,25,Company Website,2,2024-07-07,Rejected
1157,492,5,Referral,9,2024-10-22,Rejected
1158,302,21,Company Website,5,2024-10-05,Hired
1159,610,2,LinkedIn,8,2024-08-14,Rejected
1160,663,17,LinkedIn,7,2024-02-13,Rejected
1161,920,22,Naukri,10,2024-11-29,Rejected
1162,752,20,LinkedIn,4,2024-05-04,Rejected
1163,32,20,Naukri,1,2024-12-18,Offer Declined
1164,953,21,Referral,1,2024-08-12,Rejected
1165,494,3,Company Website,5,2024-06-05,Hired
1166,910,14,Company Website,2,2024-09-16,Rejected
1167,382,4,Referral,2,2024-07-26,Rejected
1168,941,21,Naukri,1,2024-09-13,Hired
1169,442,6,LinkedIn,12,2024-08-07,Hired
1170,970,11,Naukri,2,2024-08-27,Hired
1171,863,11,Company Website,4,2024-01-17,Rejected
1172,250,4,Naukri,8,2024-12-11,Hired
1173,446,12,Referral,2,2024-07-07,Hired
1174,373,15,Referral,12,2024-08-23,Rejected
1175,671,6,LinkedIn,2,2024-02-05,Offer Declined
1176,841,23,Naukri,11,2024-06-07,Rejected
1177,702,12,LinkedIn,8,2024-09-26,Rejected
1178,660,5,Naukri,3,2024-05-17,Hired
1179,1098,9,Naukri,9,2024-06-11,Hired
1180,522,25,Referral,8,2024-06-05,Rejected
1181,601,17,Referral,12,2024-04-24,Rejected
1182,436,16,Naukri,10,2024-08-23,Rejected
1183,910,19,Naukri,4,2024-06-09,Rejected
1184,356,21,Company Website,5,2024-09-05,Rejected
1185,973,8,Company Website,3,2024-10-04,Rejected
1186,100,24,Company Website,11,2024-07-24,Rejected
1187,362,5,Referral,11,2024-07-21,Rejected
1188,781,12,Referral,3,2024-04-28,Rejected
1189,737,11,Company Website,9,2024-03-18,Rejected
1190,424,6,Naukri,3,2024-09-28,Rejected
1191,544,23,LinkedIn,11,2024-07-21,Rejected
1192,382,7,LinkedIn,5,2024-11-08,Rejected
1193,434,11,LinkedIn,5,2024-02-28,Rejected
1194,1023,8,Referral,10,2024-12-18,Rejected
1195,597,16,Referral,6,2024-05-18,Rejected
1196,233,19,LinkedIn,1,2024-03-30,Rejected
1197,529,19,LinkedIn,11,2024-05-26,Offer Declined
1198,881,2,Naukri,4,2024-12-01,Rejected
1199,699,21,Company Website,1,2024-11-24,Rejected
1200,525,2,LinkedIn,7,2024-07-11,Rejected
1201,609,3,LinkedIn,12,2024-08-06,Hired
1202,664,23,Referral,5,2024-05-11,Rejected
1203,178,6,Naukri,1,2024-05-21,Rejected
1204,783,7,Referral,10,2024-05-14,Rejected
1205,893,14,Referral,5,2024-04-24,Rejected
1206,338,14,Referral,3,2024-05-25,Rejected
1207,228,10,Naukri,1,2024-11-14,Hired
1208,754,15,Company Website,3,2024-05-13,Rejected
1209,859,15,Company Website,3,2024-10-20,Hired
1210,763,5,LinkedIn,1,2024-04-05,Rejected
1211,294,20,LinkedIn,10,2024-08-13,Rejected
1212,377,25,Naukri,5,2024-02-20,Hired
1213,223,14,Naukri,7,2024-06-18,Rejected
1214,605,3,Referral,3,2024-04-25,Hired
1215,920,18,Naukri,8,2024-03-30,Hired
1216,370,11,Naukri,5,2024-08-06,Rejected
1217,278,20,Referral,9,2024-09-17,Rejected
1218,827,1,Referral,2,2024-07-23,Hired
1219,676,16,Company Website,12,2024-10-08,Rejected
1220,1098,7,LinkedIn,10,2024-05-19,Hired
1221,200,22,Naukri,6,2024-07-29,Hired
1222,835,13,LinkedIn,9,2024-06-19,Hired
1223,207,1,Naukri,12,2024-05-12,Rejected
1224,533,18,Referral,1,2024-08-24,Rejected
1225,561,1,LinkedIn,6,2024-06-05,Rejected
1226,704,12,Naukri,8,2024-07-09,Rejected
1227,90,11,Referral,5,2024-09-04,Hired
1228,1052,14,LinkedIn,12,2024-07-02,Rejected
1229,114,7,Referral,12,2024-09-09,Rejected
1230,827,4,Referral,9,2024-12-25,Rejected
1231,743,1,Company Website,5,2025-01-01,Rejected
1232,145,15,Referral,11,2024-03-21,Hired
1233,400,20,Company Website,1,2024-04-16,Rejected
1234,1084,14,Referral,9,2024-02-09,Offer Declined
1235,370,6,Company Website,9,2024-10-05,Rejected
1236,185,4,Naukri,4,2024-12-29,Rejected
1237,285,10,Company Website,11,2024-03-16,Rejected
1238,488,1,LinkedIn,4,2024-03-23,Rejected
1239,486,21,Naukri,7,2024-03-24,Rejected
1240,306,9,Naukri,9,2024-10-05,Rejected
1241,816,23,Company Website,5,2024-11-20,Rejected
1242,476,21,Referral,5,2024-03-21,Rejected
1243,997,15,LinkedIn,6,2024-10-23,Rejected
1244,259,16,Company Website,3,2024-08-22,Hired
1245,1084,9,Referral,11,2024-10-21,Hired
1246,1003,11,Naukri,1,2024-01-16,Rejected
1247,980,9,Company Website,6,2024-06-27,Rejected
1248,57,25,Company Website,1,2024-11-06,Hired
1249,961,13,LinkedIn,2,2024-03-10,Rejected
1250,820,3,Referral,4,2024-11-23,Offer Declined
1251,917,2,LinkedIn,8,2024-06-18,Rejected
1252,911,15,Referral,9,2024-10-12,Offer Declined
1253,711,24,Company Website,12,2024-10-22,Hired
1254,883,22,LinkedIn,7,2024-07-10,Rejected
1255,1044,25,Referral,12,2024-03-24,Rejected
1256,866,24,Naukri,4,2024-03-24,Rejected
1257,493,4,Naukri,6,2024-07-20,Rejected
1258,822,6,Referral,5,2024-01-14,Rejected
1259,32,18,Company Website,5,2024-02-19,Rejected
1260,798,2,Referral,12,2024-11-19,Rejected
1261,348,3,Company Website,8,2024-11-25,Rejected
1262,586,22,Company Website,1,2024-11-13,Hired
1263,955,23,Referral,3,2024-03-20,Rejected
1264,57,10,Company Website,3,2024-10-09,Rejected
1265,556,7,Referral,12,2024-07-28,Rejected
1266,674,25,LinkedIn,10,2024-03-17,Hired
1267,716,11,Company Website,10,2024-07-11,Rejected
1268,693,1,Referral,12,2024-05-19,Rejected
1269,626,1,Naukri,3,2024-09-07,Rejected
1270,130,15,Company Website,9,2024-01-22,Rejected
1271,451,19,LinkedIn,1,2024-08-10,Rejected
1272,442,24,Company Website,9,2024-07-29,Rejected
1273,679,3,Referral,9,2024-06-17,Rejected
1274,154,13,Referral,12,2024-01-20,Rejected
1275,739,17,LinkedIn,10,2024-11-18,Rejected
1276,784,9,Referral,1,2024-10-17,Rejected
1277,853,23,LinkedIn,5,2024-07-26,Rejected
1278,34,11,Referral,1,2024-05-22,Offer Declined
1279,121,9,Naukri,9,2024-10-30,Rejected
1280,940,10,LinkedIn,10,2024-10-20,Rejected
1281,147,19,Referral,6,2024-08-23,Hired
1282,295,14,LinkedIn,12,2024-03-10,Rejected
1283,921,19,Naukri,3,2024-10-23,Hired
1284,564,16,Referral,12,2024-10-10,Rejected
1285,514,12,Company Website,10,2024-09-12,Rejected
1286,408,23,LinkedIn,1,2024-11-12,Rejected
1287,1100,11,LinkedIn,3,2024-10-16,Offer Declined
1288,704,11,Naukri,7,2024-08-24,Rejected
1289,607,20,Company Website,4,2024-09-30,Hired
1290,190,7,Naukri,3,2024-04-02,Hired
1291,908,18,Naukri,12,2024-05-31,Hired
1292,56,12,Referral,6,2024-01-16,Hired
1293,124,4,Company Website,5,2024-04-07,Hired
1294,495,16,LinkedIn,8,2024-05-12,Hired
1295,154,5,Naukri,2,2024-06-30,Rejected
1296,457,22,LinkedIn,8,2024-07-16,Hired
1297,232,1,Referral,7,2025-01-16,Rejected
1298,974,20,Naukri,7,2024-08-12,Rejected
1299,323,25,Referral,7,2024-09-18,Rejected
1300,378,5,LinkedIn,11,2024-10-30,Rejected
1301,928,22,Company Website,2,2024-05-09,Hired
1302,493,14,Referral,3,2024-02-26,Rejected
1303,845,12,Company Website,8,2024-02-25,Rejected
1304,281,7,Company Website,8,2024-10-11,Rejected
1305,950,8,Referral,9,2024-06-15,Hired
1306,328,17,Referral,6,2024-03-24,Rejected
1307,485,11,Naukri,8,2024-05-06,Hired
1308,1032,5,Company Website,7,2024-10-01,Offer Declined
1309,293,15,Naukri,4,2024-10-12,Rejected
1310,679,21,LinkedIn,2,2024-09-11,Rejected
1311,242,22,Company Website,3,2024-08-24,Rejected
1312,960,20,LinkedIn,7,2024-10-26,Rejected
1313,75,8,Company Website,4,2024-04-17,Hired
1314,1078,2,Naukri,4,2024-02-19,Rejected
1315,848,6,Referral,4,2024-06-27,Hired
1316,395,17,Referral,4,2024-08-06,Hired
1317,512,1,Referral,12,2024-03-25,Hired
1318,119,18,LinkedIn,11,2024-10-04,Rejected
1319,29,1,LinkedIn,1,2024-08-23,Rejected
1320,1074,20,Company Website,12,2024-09-19,Rejected
1321,730,25,LinkedIn,11,2024-09-01,Rejected
1322,290,17,LinkedIn,3,2024-09-23,Hired
1323,641,2,Referral,9,2024-09-30,Hired
1324,41,14,Referral,6,2024-09-15,Rejected
1325,37,8,LinkedIn,2,2024-09-06,Rejected
1326,9,18,Company Website,2,2024-09-04,Offer Declined
1327,187,17,LinkedIn,5,2024-10-07,Hired
1328,798,17,LinkedIn,9,2024-02-11,Rejected
1329,481,22,Company Website,4,2024-12-10,Rejected
1330,666,23,LinkedIn,12,2024-04-01,Offer Declined
1331,850,10,Naukri,9,2024-10-15,Hired
1332,169,1,Naukri,4,2024-03-27,Rejected
1333,357,4,Referral,6,2024-07-22,Rejected
1334,124,23,Referral,7,2024-08-18,Hired
1335,1025,15,Company Website,4,2024-03-16,Hired
1336,1066,3,LinkedIn,4,2024-07-10,Rejected
1337,847,25,Naukri,12,2024-07-11,Hired
1338,476,3,Referral,1,2024-09-23,Hired
1339,795,15,Naukri,7,2024-07-02,Rejected
1340,789,17,LinkedIn,2,2024-11-21,Rejected
1341,217,8,Referral,9,2024-04-30,Hired
1342,996,15,LinkedIn,12,2024-03-14,Rejected
1343,66,14,Naukri,1,2024-03-04,Hired
1344,1084,3,Naukri,10,2024-04-10,Rejected
1345,862,10,Company Website,4,2024-11-08,Rejected
1346,708,2,Naukri,11,2024-06-22,Hired
1347,937,14,Naukri,8,2024-07-11,Rejected
1348,1044,6,Company Website,1,2024-05-17,Offer Declined
1349,447,5,Naukri,8,2024-08-16,Rejected
1350,751,11,LinkedIn,12,2024-06-15,Hired
1351,260,11,LinkedIn,2,2024-10-16,Rejected
1352,269,9,LinkedIn,3,2024-04-29,Rejected
1353,329,5,LinkedIn,9,2024-11-23,Rejected
1354,749,12,Company Website,4,2024-05-25,Rejected
1355,6,1,Referral,11,2024-11-25,Rejected
1356,665,11,Naukri,7,2024-05-16,Rejected
1357,738,5,Referral,6,2024-07-27,Hired
1358,40,15,Referral,12,2024-03-26,Rejected
1359,6,4,Naukri,2,2024-12-06,Rejected
1360,937,18,Naukri,8,2024-09-19,Hired
1361,251,11,Company Website,9,2024-03-22,Hired
1362,11,7,Referral,3,2024-05-31,Rejected
1363,389,16,Company Website,9,2024-10-15,Rejected
1364,34,11,Naukri,10,2024-02-17,Rejected
1365,156,20,LinkedIn,3,2024-08-03,Rejected
1366,710,14,LinkedIn,4,2024-09-03,Hired
1367,782,15,Referral,4,2024-10-25,Hired
1368,830,9,LinkedIn,11,2024-05-19,Rejected
1369,479,24,Referral,7,2024-08-20,Rejected
1370,206,14,Company Website,9,2024-08-17,Rejected
1371,334,18,Naukri,5,2024-04-25,Rejected
1372,291,14,Naukri,8,2024-04-05,Rejected
1373,347,6,Naukri,4,2024-10-02,Rejected
1374,301,19,Company Website,2,2024-06-05,Rejected
1375,718,9,Referral,11,2024-09-03,Rejected
1376,449,7,LinkedIn,10,2024-05-15,Rejected
1377,37,24,LinkedIn,11,2024-10-17,Hired
1378,165,7,LinkedIn,6,2024-05-19,Rejected
1379,863,7,Referral,6,2024-08-02,Rejected
1380,867,6,Naukri,11,2024-07-23,Rejected
1381,92,5,Referral,4,2024-12-15,Rejected
1382,337,19,Company Website,8,2024-06-21,Rejected
1383,883,5,Company Website,4,2024-07-11,Rejected
1384,1003,6,Company Website,7,2024-02-08,Offer Declined
1385,618,3,Company Website,12,2024-06-22,Rejected
1386,1015,11,LinkedIn,8,2024-05-27,Rejected
1387,733,2,LinkedIn,11,2024-10-17,Hired
1388,336,18,Referral,5,2024-09-18,Rejected
1389,1003,3,Company Website,2,2024-03-30,Hired
1390,352,8,Company Website,8,2024-04-17,Rejected
1391,980,21,Referral,9,2024-09-13,Rejected
1392,796,5,Naukri,8,2024-09-04,Rejected
1393,177,21,Referral,5,2024-03-28,Rejected
1394,721,19,Referral,6,2024-05-18,Rejected
1395,1011,18,LinkedIn,3,2024-08-20,Hired
1396,423,11,Referral,4,2024-03-20,Hired
1397,678,8,Company Website,3,2024-10-02,Hired
1398,900,15,LinkedIn,11,2024-10-25,Hired
1399,685,16,LinkedIn,12,2024-05-11,Hired
1400,1095,18,LinkedIn,12,2024-04-04,Hired
1401,766,6,Company Website,11,2024-06-08,Offer Declined
1402,581,7,Company Website,9,2024-12-07,Rejected
1403,414,6,Referral,9,2024-07-09,Rejected
1404,456,8,Company Website,5,2024-07-09,Rejected
1405,998,24,LinkedIn,4,2024-04-20,Rejected
1406,154,24,Company Website,9,2024-09-16,Rejected
1407,146,23,LinkedIn,2,2024-06-09,Rejected
1408,1009,10,Naukri,8,2024-07-24,Rejected
1409,979,15,Referral,5,2024-02-20,Hired
1410,1017,14,Naukri,1,2024-04-06,Rejected
1411,413,14,Company Website,10,2024-04-12,Rejected
1412,460,18,Company Website,5,2024-04-08,Rejected
1413,13,5,LinkedIn,7,2024-11-09,Hired
1414,481,18,Referral,2,2024-06-04,Rejected
1415,104,15,Referral,11,2024-06-08,Rejected
1416,492,17,Naukri,10,2024-04-29,Rejected
1417,943,22,Naukri,8,2024-12-08,Hired
1418,289,10,Naukri,12,2024-01-28,Rejected
1419,706,21,Referral,5,2024-12-19,Hired
1420,651,9,Company Website,2,2024-02-02,Rejected
1421,796,20,Referral,8,2024-06-29,Rejected
1422,526,24,LinkedIn,3,2024-04-08,Rejected
1423,1037,20,Naukri,8,2024-07-08,Rejected
1424,215,23,Referral,8,2024-04-25,Rejected
1425,1061,23,Company Website,3,2024-07-14,Rejected
1426,314,1,Referral,7,2024-06-26,Rejected
1427,990,14,LinkedIn,2,2024-01-26,Rejected
1428,868,17,Naukri,4,2024-03-18,Offer Declined
1429,467,16,Naukri,1,2024-03-05,Offer Declined
1430,177,15,LinkedIn,7,2024-06-24,Hired
1431,727,17,LinkedIn,12,2024-10-28,Rejected
1432,1057,3,Naukri,9,2024-02-23,Rejected
1433,201,18,Company Website,10,2024-10-08,Rejected
1434,671,18,LinkedIn,6,2024-09-06,Rejected
1435,247,25,Company Website,2,2024-03-05,Rejected
1436,108,5,Naukri,5,2024-09-03,Rejected
1437,97,3,Referral,6,2024-11-16,Rejected
1438,969,14,Naukri,10,2024-03-23,Rejected
1439,243,17,Naukri,4,2024-10-12,Rejected
1440,10,23,Naukri,10,2024-04-06,Rejected
1441,21,3,LinkedIn,3,2024-02-11,Hired
1442,542,4,Naukri,2,2024-08-10,Rejected
1443,689,18,Naukri,9,2024-03-10,Rejected
1444,372,10,Naukri,10,2024-01-27,Hired
1445,1039,10,LinkedIn,2,2024-08-26,Hired
1446,456,8,Naukri,11,2024-05-02,Offer Declined
1447,163,24,LinkedIn,5,2024-02-14,Rejected
1448,776,23,Company Website,6,2024-06-07,Rejected
1449,67,4,Naukri,2,2024-11-27,Rejected
1450,925,3,LinkedIn,6,2024-11-21,Offer Declined
1451,950,19,Company Website,10,2024-10-11,Offer Declined
1452,372,12,LinkedIn,10,2024-08-17,Hired
1453,970,2,LinkedIn,12,2024-07-19,Rejected
1454,42,17,Referral,6,2024-04-21,Rejected
1455,1021,21,Company Website,11,2024-12-17,Hired
1456,592,21,LinkedIn,5,2024-05-05,Rejected
1457,1045,17,LinkedIn,9,2024-04-11,Rejected
1458,789,1,Company Website,4,2024-07-15,Rejected
1459,675,8,Referral,3,2024-09-10,Rejected
1460,761,11,Naukri,5,2024-06-15,Rejected
1461,51,21,LinkedIn,11,2024-04-24,Rejected
1462,691,7,Company Website,5,2024-09-01,Rejected
1463,329,13,Company Website,6,2024-06-07,Rejected
1464,183,12,Company Website,10,2024-05-10,Hired
1465,240,2,Naukri,9,2024-03-29,Hired
1466,65,13,Referral,11,2024-05-17,Rejected
1467,1002,11,Company Website,9,2024-11-01,Rejected
1468,961,16,LinkedIn,9,2024-08-14,Hired
1469,577,14,LinkedIn,8,2024-07-18,Rejected
1470,999,10,Company Website,1,2024-02-20,Rejected
1471,725,19,Naukri,2,2024-08-14,Rejected
1472,1043,18,Company Website,6,2024-01-31,Rejected
1473,329,10,LinkedIn,7,2024-05-30,Rejected
1474,765,5,Company Website,10,2024-03-30,Rejected
1475,1025,4,LinkedIn,1,2024-05-20,Rejected
1476,926,17,LinkedIn,10,2024-08-19,Rejected
1477,91,7,Referral,2,2024-06-15,Hired
1478,337,5,Naukri,12,2024-04-29,Hired
1479,551,17,Company Website,7,2024-03-20,Hired
1480,295,16,Naukri,10,2024-07-04,Rejected
1481,16,5,LinkedIn,2,2024-09-14,Hired
1482,903,2,LinkedIn,10,2024-11-17,Rejected
1483,672,15,Naukri,6,2024-10-31,Hired
1484,950,9,LinkedIn,11,2024-03-23,Offer Declined
1485,292,11,LinkedIn,2,2024-05-02,Rejected
1486,776,14,Referral,8,2024-11-12,Rejected
1487,658,19,Naukri,9,2024-04-13,Hired
1488,1009,8,Referral,5,2024-05-24,Rejected
1489,455,20,Company Website,10,2024-08-04,Offer Declined
1490,861,25,Referral,12,2024-06-10,Hired
1491,468,16,Naukri,3,2024-10-14,Rejected
1492,992,20,Referral,11,2024-08-02,Rejected
1493,137,9,Referral,8,2024-07-19,Rejected
1494,548,1,Referral,2,2024-04-22,Rejected
1495,195,20,Company Website,3,2024-04-16,Hired
1496,99,10,Company Website,8,2024-07-06,Rejected
1497,1069,24,Naukri,2,2024-05-05,Hired
1498,264,16,Referral,5,2024-09-09,Rejected
1499,1047,22,Company Website,8,2024-05-18,Hired
1500,787,12,LinkedIn,11,2024-03-19,Hired
1501,784,8,LinkedIn,5,2024-09-07,Rejected
1502,148,20,Referral,3,2024-11-19,Hired
1503,496,25,Referral,8,2024-09-27,Hired
1504,325,15,Referral,5,2024-03-09,Rejected
1505,457,4,Referral,1,2024-12-31,Hired
1506,757,20,Referral,9,2024-09-30,Rejected
1507,546,6,Company Website,7,2024-02-11,Rejected
1508,1046,5,Company Website,2,2024-12-19,Rejected
1509,733,17,LinkedIn,11,2024-03-03,Hired
1510,1096,3,LinkedIn,8,2024-04-20,Rejected
1511,457,14,LinkedIn,6,2024-05-31,Offer Declined
1512,696,24,Referral,10,2024-01-31,Hired
1513,416,2,LinkedIn,2,2024-10-26,Hired
1514,596,13,LinkedIn,9,2024-07-08,Rejected
1515,251,13,Company Website,4,2024-09-19,Hired
1516,566,18,LinkedIn,12,2024-07-26,Hired
1517,141,18,Naukri,7,2024-05-26,Rejected
1518,636,12,Referral,9,2024-08-18,Rejected
1519,669,19,Naukri,1,2024-09-05,Hired
1520,153,3,Company Website,2,2024-11-17,Rejected
1521,746,21,Company Website,1,2024-06-23,Hired
1522,426,9,LinkedIn,6,2024-04-15,Rejected
1523,1053,6,Naukri,3,2024-10-16,Hired
1524,277,14,Referral,12,2024-07-27,Rejected
1525,957,3,Naukri,6,2024-05-12,Rejected
1526,667,15,Company Website,12,2024-02-15,Hired
1527,596,4,Company Website,9,2024-07-09,Rejected
1528,108,15,LinkedIn,8,2024-02-10,Rejected
1529,159,24,Naukri,6,2024-07-05,Hired
1530,749,23,LinkedIn,9,2024-08-16,Rejected
1531,901,17,Company Website,9,2024-05-22,Offer Declined
1532,1077,8,Company Website,3,2024-07-31,Rejected
1533,300,19,LinkedIn,7,2024-06-16,Rejected
1534,89,18,LinkedIn,7,2024-08-30,Rejected
1535,93,17,Naukri,5,2024-04-15,Rejected
1536,864,19,LinkedIn,8,2024-11-15,Rejected
1537,857,20,Referral,7,2024-10-12,Hired
1538,575,7,LinkedIn,9,2024-12-23,Rejected
1539,272,25,Referral,4,2024-04-27,Hired
1540,81,25,Referral,11,2024-07-16,Hired
1541,372,2,Referral,7,2024-08-10,Rejected
1542,651,24,LinkedIn,5,2024-05-08,Hired
1543,844,21,Referral,5,2024-11-25,Rejected
1544,936,9,Referral,12,2024-04-30,Hired
1545,864,25,LinkedIn,5,2024-08-27,Rejected
1546,987,13,Naukri,6,2024-03-04,Rejected
1547,376,13,Referral,4,2024-04-10,Hired
1548,504,22,Naukri,8,2024-07-18,Hired
1549,515,19,LinkedIn,2,2024-05-15,Hired
1550,878,14,Company Website,12,2024-09-28,Hired
1551,747,25,Company Website,6,2024-03-07,Rejected
1552,152,7,LinkedIn,7,2024-05-30,Rejected
1553,765,19,Referral,6,2024-04-04,Rejected
1554,517,2,LinkedIn,4,2024-10-25,Rejected
1555,133,1,Naukri,6,2024-05-27,Rejected
1556,341,18,Company Website,1,2024-09-11,Rejected
1557,394,25,Referral,5,2024-03-27,Rejected
1558,643,24,Company Website,3,2024-06-05,Hired
1559,299,11,Company Website,5,2024-08-17,Rejected
1560,250,23,Referral,7,2024-05-13,Rejected
1561,603,1,Referral,1,2025-01-11,Rejected
1562,429,20,Naukri,9,2024-04-11,Rejected
1563,117,18,LinkedIn,3,2024-07-06,Rejected
1564,1072,25,Naukri,7,2024-09-26,Rejected
1565,1050,19,Referral,4,2024-06-05,Rejected
1566,476,17,Naukri,11,2024-02-29,Offer Declined
1567,66,6,LinkedIn,12,2024-03-13,Rejected
1568,1018,23,Referral,2,2024-11-03,Hired
1569,969,7,Referral,7,2024-12-20,Rejected
1570,77,3,Company Website,12,2024-11-17,Hired
1571,89,25,Company Website,12,2024-10-05,Hired
1572,711,20,LinkedIn,5,2024-12-25,Rejected
1573,776,11,LinkedIn,9,2024-04-17,Hired
1574,69,24,Naukri,12,2024-05-01,Rejected
1575,1035,7,LinkedIn,7,2024-06-23,Rejected
1576,337,24,Naukri,11,2024-01-31,Hired
1577,893,16,Naukri,1,2024-03-09,Rejected
1578,1002,5,LinkedIn,4,2024-10-10,Rejected
1579,170,18,Naukri,2,2024-09-21,Rejected
1580,154,23,Company Website,4,2024-08-25,Rejected
1581,933,17,Naukri,7,2024-02-26,Rejected
1582,170,9,Company Website,10,2024-09-09,Hired
1583,960,3,LinkedIn,7,2024-07-06,Rejected
1584,1025,18,Naukri,5,2024-07-28,Rejected
1585,128,21,LinkedIn,3,2024-11-26,Rejected
1586,1088,7,LinkedIn,11,2024-09-21,Rejected
1587,931,20,Company Website,5,2024-11-07,Hired
1588,444,12,LinkedIn,1,2024-08-22,Rejected
1589,952,1,LinkedIn,9,2024-07-24,Rejected
1590,181,22,LinkedIn,10,2024-05-25,Rejected
1591,190,2,Naukri,6,2024-05-31,Rejected
1592,53,4,Referral,12,2024-10-25,Rejected
1593,227,9,Company Website,8,2024-09-22,Offer Declined
1594,844,9,Naukri,12,2024-04-11,Rejected
1595,907,14,LinkedIn,9,2024-03-17,Offer Declined
1596,724,16,Referral,2,2024-09-15,Offer Declined
1597,1080,23,Naukri,6,2024-03-18,Rejected
1598,414,2,Company Website,3,2024-10-02,Rejected
1599,383,10,Naukri,6,2024-09-20,Hired
1600,495,22,Company Website,7,2024-12-09,Rejected
1601,1020,5,Company Website,1,2024-08-16,Rejected
1602,818,2,Naukri,8,2024-09-07,Rejected
1603,964,4,Referral,11,2024-11-06,Hired
1604,25,14,Naukri,6,2024-09-28,Rejected
1605,592,3,Naukri,4,2024-07-02,Hired
1606,189,15,Naukri,6,2024-02-12,Hired
1607,186,22,Naukri,1,2024-06-07,Rejected
1608,1047,14,Referral,3,2024-06-07,Rejected
1609,386,25,Company Website,9,2024-06-25,Rejected
1610,227,22,LinkedIn,11,2024-07-18,Rejected
1611,21,9,LinkedIn,9,2024-09-29,Hired
1612,634,16,Naukri,10,2024-08-27,Hired
1613,375,1,Company Website,3,2024-12-18,Rejected
1614,309,14,LinkedIn,9,2024-03-03,Rejected
1615,78,12,Referral,8,2024-08-14,Hired
1616,44,16,Referral,2,2024-09-29,Hired
1617,541,3,Company Website,2,2024-08-16,Offer Declined
1618,312,23,Naukri,8,2024-10-28,Rejected
1619,23,10,Referral,12,2024-04-15,Rejected
1620,77,25,Naukri,4,2024-07-26,Rejected
1621,72,18,LinkedIn,3,2024-02-28,Rejected
1622,541,11,LinkedIn,12,2024-04-21,Rejected
1623,436,14,Referral,6,2024-03-23,Offer Declined
1624,1035,11,Company Website,3,2024-02-25,Rejected
1625,909,9,LinkedIn,8,2024-07-02,Offer Declined
1626,149,4,Naukri,8,2024-12-15,Rejected
1627,482,13,Naukri,3,2024-02-09,Rejected
1628,658,19,LinkedIn,4,2024-06-22,Rejected
1629,685,12,LinkedIn,6,2024-04-23,Hired
1630,756,5,Referral,2,2024-04-18,Rejected
1631,587,5,Referral,11,2024-09-15,Hired
1632,832,10,Referral,3,2024-05-25,Hired
1633,616,4,LinkedIn,3,2024-07-22,Hired
1634,547,20,LinkedIn,6,2024-12-08,Rejected
1635,977,17,Company Website,9,2024-02-08,Hired
1636,1045,2,Naukri,5,2024-03-14,Rejected
1637,1000,21,Naukri,3,2024-07-29,Rejected
1638,955,2,Referral,12,2024-06-03,Hired
1639,551,19,Referral,9,2024-03-04,Offer Declined
1640,231,15,Company Website,8,2024-01-15,Rejected
1641,1041,3,Company Website,2,2024-07-03,Rejected
1642,1020,6,Naukri,5,2024-03-30,Rejected
1643,228,20,Company Website,1,2024-07-17,Rejected
1644,524,22,Naukri,1,2024-04-26,Offer Declined
1645,400,16,Company Website,7,2024-10-14,Hired
1646,344,17,Company Website,10,2024-07-19,Rejected
1647,1061,18,Naukri,5,2024-10-03,Rejected
1648,325,4,Referral,12,2024-12-07,Rejected
1649,159,20,Naukri,11,2024-07-23,Rejected
1650,16,21,Company Website,5,2024-12-09,Hired
